id,Country of Origin
1,Canada
2,United States
3,United Kingdom
4,Barbados
5,Colombia
6,South Korea
7,Trinidad and Tobago
8,France
9,India
10,Scotland
11,Mexico
12,Australia
13,Male
14,Germany
15,Cuba
16,Sweden
17,Norway
18,Panama
19,Brazil
20,Netherlands
21,Jamaica
22,Senegal
23,Ireland
24,Argentina
25,Spain
26,Japan
27,New Zealand
28,Morocco
29,Chile
30,Russia
31,Nigeria
32,South Africa
33,Venezuela
34,Italy
35,Dominican Republic
36,Belgium
37,DR Congo
38,Nepal
39,Pakistan
40,Guatemala
41,Austria
42,Philippines
43,Denmark
44,Iceland
