appid,name,developer,publisher,positive,negative,owners,average_forever,average_2weeks,median_forever,median_2weeks,price,initialprice,discount,ccu
40800,Super Meat Boy,Team Meat,,33571,1923,"2,000,000 .. 5,000,000",0,0,0,0,1499,1499,0,72
12900,AudioSurf,Dylan Fitterer,,10490,470,"1,000,000 .. 2,000,000",0,0,0,0,999,999,0,11
247120,Portal 2 Sixense Perceptual Pack,,Sixense,299,225,"1,000,000 .. 2,000,000",0,0,0,0,0,0,0,0
2713550,Cursed Dawn,Cursed Studios,,2,7,"1,000,000 .. 2,000,000",0,0,0,0,899,1499,40,0
1789480,Marauders,Small Impact Games,,14768,5911,"1,000,000 .. 2,000,000",0,0,0,0,2999,2999,0,17
1108320,妄想破绽 Broken Delusion,,bilibili,2443,1589,"500,000 .. 1,000,000",0,0,0,0,699,699,0,0
385770,Time Clickers,Proton Studio Inc,,4420,628,"500,000 .. 1,000,000",0,0,0,0,0,0,0,146
343780,Cat Goes Fishing,Cat5Games,,13316,840,"500,000 .. 1,000,000",0,0,0,0,699,699,0,117
396160,Secret Of Magia,,Senpai Industrial Studios,463,445,"500,000 .. 1,000,000",0,0,0,0,199,199,0,1
353380,Steam Link,,Anima Locus,5693,1722,"500,000 .. 1,000,000",0,0,0,0,0,0,0,1
214190,Minimum,,"Atari Inc., Cubed Productions LLC",2405,1590,"500,000 .. 1,000,000",0,0,0,0,0,0,0,0
258180,Deus Ex: The Fall,,Eidos Interactive Corp.,1639,2849,"500,000 .. 1,000,000",0,0,0,0,149,999,85,2
1110390,Unturned - Dedicated Server,,Brown Studios,1319,238,"500,000 .. 1,000,000",0,0,0,0,0,0,0,24
253940,Septerra Core,,Topware Interactive,893,289,"200,000 .. 500,000",0,0,0,0,399,799,50,4
26500,Cogs,"Lazy 8 Studios, https://lazy8studios.com",,795,104,"200,000 .. 500,000",0,0,0,0,599,599,0,0
695920,Super Seducer : How to Talk to Girls,RLR Training Inc,,1463,301,"200,000 .. 500,000",0,0,0,0,1299,1299,0,5
208730,Game of Thrones,Cyanide Studios,,1681,640,"200,000 .. 500,000",0,0,0,0,1499,1499,0,2
314450,Star Saviors,Sharpened Edge Studios,,1378,297,"200,000 .. 500,000",0,0,0,0,199,199,0,0
247910,Sniper Elite: Nazi Zombie Army 2,,Rebellion,3493,628,"200,000 .. 500,000",0,0,0,0,1499,1499,0,7
253650,Sparkle 2 Evo,,Forever Entertainment S. A.,1540,554,"200,000 .. 500,000",0,0,0,0,499,499,0,1
220660,StarDrive,Zero Sum Games,,658,815,"200,000 .. 500,000",0,0,0,0,2999,2999,0,4
65300,Dustforce DX,Hitbox Team,,2056,283,"200,000 .. 500,000",0,0,0,0,999,999,0,9
352520,The Silent Age,House On Fire,,6604,477,"200,000 .. 500,000",0,0,0,0,999,999,0,2
242960,Blood Omen 2: Legacy of Kain,,Crystal Dynamics,763,355,"200,000 .. 500,000",0,0,0,0,699,699,0,4
1096570,SONG OF HORROR COMPLETE EDITION,Protocol Games,,992,215,"200,000 .. 500,000",0,0,0,0,1799,2999,40,5
783140,Removed,,,25,15,"200,000 .. 500,000",0,0,0,0,0,0,0,0
355150,gravilon,,,742,506,"200,000 .. 500,000",0,0,0,0,299,299,0,1
107800,Rochard,Recoil Games,,1589,141,"200,000 .. 500,000",0,0,0,0,0,0,0,0
863570,Super Seducer 2 - Advanced Seduction Tactics,RLR Training Inc,,1432,297,"200,000 .. 500,000",0,0,0,0,1299,1299,0,5
616090,龙魂时刻,,Jenny Bee Presents,465,850,"200,000 .. 500,000",0,0,0,0,0,0,0,0
461870,Police Simulator: Patrol Duty,Bigmoon Entertainment,,2139,1954,"200,000 .. 500,000",0,0,0,0,1799,1799,0,0
438010,PulseCharge,Endless Project Games,,93,92,"200,000 .. 500,000",0,0,0,0,99,99,0,0
228560,Teenage Mutant Ninja Turtles: Out of the Shadows,,Activision,443,358,"200,000 .. 500,000",0,0,0,0,0,0,0,1
259530,Savant - Ascent,D-Pad Studio,,2581,220,"200,000 .. 500,000",0,0,0,0,199,199,0,0
305840,Shallow Space,,,59,172,"200,000 .. 500,000",0,0,0,0,1499,1499,0,0
98300,Toy Soldiers,Signal Studios,,1298,158,"200,000 .. 500,000",0,0,0,0,999,999,0,1
315260,Space Hack,,Meridian4,348,449,"200,000 .. 500,000",0,0,0,0,499,499,0,0
238280,Legend of Dungeon,Robot Loves Kitty,,1189,437,"200,000 .. 500,000",0,0,0,0,999,999,0,1
11390,Crash Time 2,,Meridian4,1401,1042,"200,000 .. 500,000",0,0,0,0,499,499,0,1
421060,Age of Steel: Recharge,Quaint Emerald,,256,77,"200,000 .. 500,000",0,0,0,0,699,699,0,0
586620,OR,Camagames,,72,116,"200,000 .. 500,000",0,0,0,0,199,199,0,0
280360,Interstellaria,Coldrice Games LLC,,228,180,"200,000 .. 500,000",0,0,0,0,999,999,0,0
442710,Fantasy Tales Online,Cold Tea Studio,,318,144,"100,000 .. 200,000",0,0,0,0,0,0,0,3
11340,Larva Mortus,,Meridian4,563,183,"100,000 .. 200,000",0,0,0,0,499,499,0,0
248710,Iesabel,,Forever Entertainment S. A.,234,518,"100,000 .. 200,000",0,0,0,0,499,499,0,0
1421790,Labyrinth City: Pierre the Maze Detective,Darjeeling,,2047,90,"100,000 .. 200,000",0,0,0,0,1199,1199,0,2
11370,Nikopol: Secrets of the Immortals,,Meridian4,211,173,"100,000 .. 200,000",0,0,0,0,174,499,65,0
581820,Judas,Studio48,,102,47,"100,000 .. 200,000",0,0,0,0,299,299,0,0
285070,Between Me and The Night,RainDance LX,,634,201,"100,000 .. 200,000",0,0,0,0,499,499,0,1
2545,RIP - Trilogy,Elephant Games,,204,136,"100,000 .. 200,000",0,0,0,0,499,499,0,0
2550,RIP - Trilogy,Elephant Games,,204,136,"100,000 .. 200,000",0,0,0,0,499,499,0,0
329280,Avalon Lords: Dawn Rises,Animus Interactive Inc,,88,75,"100,000 .. 200,000",0,0,0,0,999,999,0,0
371510,Gunnheim,SIEIDI Ltd,,133,199,"100,000 .. 200,000",0,0,0,0,499,499,0,0
555000,GOAT OF DUTY,34BigThings srl,,3050,470,"100,000 .. 200,000",0,0,0,0,599,999,40,0
1831250,WasteLand Express 废土快递,中子星游戏研究所,,1160,85,"100,000 .. 200,000",0,0,0,0,399,399,0,17
754320,Pixel Noir,SWDTech Games,,58,24,"100,000 .. 200,000",0,0,0,0,2499,2499,0,1
223330,Sea Dogs: To Each His Own,BlackMark Studio,,1709,622,"100,000 .. 200,000",0,0,0,0,1499,1499,0,18
547010,Terminal Hacker,,Achpile,86,75,"100,000 .. 200,000",0,0,0,0,0,0,0,0
325210,Arctico,"Claudio Norori, Antonio Vargas",,1585,631,"100,000 .. 200,000",0,0,0,0,999,999,0,10
525460,Sullen: Light is Your Friend,,,21,43,"100,000 .. 200,000",0,0,0,0,49,499,90,0
248490,1953 - KGB Unleashed,,United Independent Entertainment,369,267,"100,000 .. 200,000",0,0,0,0,299,299,0,0
554530,CRACKHEAD,,Displacement Studios,660,425,"100,000 .. 200,000",0,0,0,0,99,99,0,0
11240,Space Trader: Merchant Marine,,Meridian4,319,323,"100,000 .. 200,000",0,0,0,0,499,499,0,0
2540,RIP - Trilogy,Elephant Games,,231,151,"100,000 .. 200,000",0,0,0,0,499,499,0,0
311400,OCEAN CITY RACING,"OCR Dev Team, Onur Uça",,242,452,"100,000 .. 200,000",0,0,0,0,199,199,0,0
321920,Schein,Zeppelin Studio,,241,87,"100,000 .. 200,000",0,0,0,0,499,499,0,0
254100,World War II: Panzer Claws,,Topware Interactive,369,196,"100,000 .. 200,000",0,0,0,0,699,699,0,0
200910,Before the Echo,Iridium Studios,,1235,193,"100,000 .. 200,000",0,0,0,0,499,499,0,0
317530,Congo,Big Red Eight,,110,84,"100,000 .. 200,000",0,0,0,0,499,499,0,0
250030,Lilly Looking Through,Geeta Games,,522,175,"100,000 .. 200,000",0,0,0,0,999,999,0,0
252370,The Shivah,,Wadjet Eye Games,674,157,"100,000 .. 200,000",0,0,0,0,499,499,0,1
397430,Zoombinis,,"TERC, Inc.",1121,80,"100,000 .. 200,000",0,0,0,0,1199,1199,0,38
528300,Soulless: Ray Of Hope,,Meridian4,236,86,"100,000 .. 200,000",0,0,0,0,499,499,0,0
46410,Avencast: Rise of the Mage,ClockStone,,490,217,"100,000 .. 200,000",0,0,0,0,499,499,0,0
547410,Peak Angle: Drift Online,Peak Angle Team,,525,340,"100,000 .. 200,000",0,0,0,0,1199,1199,0,0
38460,MDK 2,BioWare Corporation,,171,44,"50,000 .. 100,000",0,0,0,0,1599,1999,20,2
906390,Return.,,PsychoFlux Entertainment,867,90,"50,000 .. 100,000",0,0,0,0,99,99,0,0
416060,Westboro,Chernov Vyacheslav,,216,101,"50,000 .. 100,000",0,0,0,0,399,399,0,0
2129470,Knights of Pen and Paper 3,Kyy Games,,41,157,"50,000 .. 100,000",0,0,0,0,0,0,0,0
1142080,Pawnbarian,j4nw,,737,85,"50,000 .. 100,000",0,0,0,0,999,999,0,5
1026840,Ultra Fight Da ! Kyanta 2,羽良麻セルフ,,1126,40,"50,000 .. 100,000",0,0,0,0,0,0,0,2
62000,Flight Control HD,Firemint,,499,43,"50,000 .. 100,000",0,0,0,0,499,499,0,1
248450,Salvation Prophecy,Firedance Games,,150,76,"50,000 .. 100,000",0,0,0,0,1999,1999,0,0
408120,Cibele,Star Maid Games,,644,628,"50,000 .. 100,000",0,0,0,0,899,899,0,0
727280,Scrap,Top Shelf Studios,,36,36,"50,000 .. 100,000",0,0,0,0,0,0,0,0
16600,Trials 2: Second Edition,Redlynx,,225,39,"50,000 .. 100,000",0,0,0,0,999,999,0,0
484870,Battle Dome,Bad Bird Studios,,415,56,"50,000 .. 100,000",0,0,0,0,199,199,0,0
312960,Starion Tactics,Corncrow Games,,71,105,"50,000 .. 100,000",0,0,0,0,999,999,0,0
375710,The Adventures of Mr. Bobley,Jan Zizka,,249,143,"50,000 .. 100,000",0,0,0,0,199,199,0,0
1657150,Going the Distance,"Mahelyk, Jory, TheClassifiedX",,6,0,"50,000 .. 100,000",0,0,0,0,499,499,0,0
46600,Swarm Arena,Dedication Games,,43,18,"50,000 .. 100,000",0,0,0,0,199,199,0,0
27400,Dangerous High School Girls in Trouble!,Mousechief,,120,81,"50,000 .. 100,000",0,0,0,0,1999,1999,0,0
2866640,A Death in the Red Light,Mystery City Games BV,,29,9,"50,000 .. 100,000",0,0,0,0,999,999,0,0
248970,Vector,,Nekki GmbH,1077,136,"50,000 .. 100,000",0,0,0,0,699,699,0,6
38210,Roogoo,Spidermonk Entertainment,,267,69,"50,000 .. 100,000",0,0,0,0,399,399,0,0
653940,Zafehouse Diaries 2,Screwfly Studios,,94,35,"50,000 .. 100,000",0,0,0,0,699,699,0,0
339860,none,,Green Sauce Games,84,38,"50,000 .. 100,000",0,0,0,0,0,0,0,0
526750,The Gleam: VR Escape the Room,,,18,38,"50,000 .. 100,000",0,0,0,0,399,399,0,0
49330,Pirates of Black Cove,Nitro Games,,111,56,"50,000 .. 100,000",0,0,0,0,999,999,0,0
804870,Armed to the Gears,Deonn Games,,130,77,"50,000 .. 100,000",0,0,0,0,499,499,0,0
253630,Steam Marines,Worthless Bums,,166,166,"50,000 .. 100,000",0,0,0,0,1999,1999,0,0
509580,The Lord of the Rings: Adventure Card Game - Definitive Edition,,Twin Sails Interactive,1176,408,"50,000 .. 100,000",0,0,0,0,499,1999,75,4
50000,Nimbus,Noumenon Games,,237,15,"50,000 .. 100,000",0,0,0,0,999,999,0,0
1075140,Super Friends Party,LIONHEART GAMING,,272,130,"50,000 .. 100,000",0,0,0,0,0,0,0,0
259780,Nimble Quest,,,687,72,"50,000 .. 100,000",0,0,0,0,499,499,0,0
42920,The Kings' Crusade,NeoCoreGames,,66,101,"50,000 .. 100,000",0,0,0,0,999,999,0,1
1934330,Joshua's Legs,PetitLegume Studios,,35,3,"50,000 .. 100,000",0,0,0,0,1399,1399,0,1
763090,Aqua Fish,Starodymov,,34,38,"50,000 .. 100,000",0,0,0,0,199,199,0,0
2285180,Dream Catcher,Indigoblin,,17,1,"50,000 .. 100,000",0,0,0,0,299,299,0,0
17100,Children of the Nile: Enhanced Edition,"Tilted Mill Entertainment, Inc.",,372,70,"50,000 .. 100,000",0,0,0,0,799,799,0,9
434500,BATTLE PIXELS,AppyArt Games,,38,30,"50,000 .. 100,000",0,0,0,0,99,99,0,0
116120,Lightfish,Eclipse Games,,140,33,"50,000 .. 100,000",0,0,0,0,499,499,0,0
9850,Codename: Panzers - Cold War,"InnoGlow, Stormregion, THQ Nordic",,175,90,"50,000 .. 100,000",0,0,0,0,1499,1499,0,5
590850,Night Lights,,Meridian4,63,12,"50,000 .. 100,000",0,0,0,0,499,499,0,0
19200,Tank Universal,Dialogue Design,,258,180,"50,000 .. 100,000",0,0,0,0,499,499,0,0
1465560,Against All Odds,Microwave Games,,160,90,"50,000 .. 100,000",0,0,0,0,499,499,0,0
1465560,Against All Odds,Microwave Games,,160,90,"50,000 .. 100,000",0,0,0,0,499,499,0,0
247350,Artemis Spaceship Bridge Simulator,,,418,45,"50,000 .. 100,000",0,0,0,0,699,699,0,0
2570,Vigil: Blood Bitterness,Freegamer,,30,117,"50,000 .. 100,000",0,0,0,0,0,0,0,0
1142090,Playing Both Sides,,,7,1,"50,000 .. 100,000",0,0,0,0,99,99,0,0
889530,Sharp,"alkaitagi, PerfectHumanInterface",,17,6,"50,000 .. 100,000",0,0,0,0,0,0,0,1
338710,Urja,Breaking Fourth,,90,87,"50,000 .. 100,000",0,0,0,0,999,999,0,0
345130,Dark Matter,,Meridian4,85,63,"50,000 .. 100,000",0,0,0,0,499,499,0,0
91800,Cloning Clyde,Bacon Wrapped Games,,150,14,"50,000 .. 100,000",0,0,0,0,499,499,0,0
6600,Bullet Candy,R C Knight,,44,41,"50,000 .. 100,000",0,0,0,0,499,499,0,0
90500,Guardians of Graxia,,React Games,67,110,"50,000 .. 100,000",0,0,0,0,0,0,0,1
33730,18 Wheels of Steel: Extreme Trucker,,Cosmi Valusoft,165,69,"50,000 .. 100,000",0,0,0,0,399,999,60,1
970800,Short Circuit VR,"Stefan Bauwens, Cindy Ho",,105,23,"50,000 .. 100,000",0,0,0,0,0,0,0,0
351450,Scribble Space,Coty Getzelman,,62,40,"50,000 .. 100,000",0,0,0,0,199,199,0,0
1608740,Darkness Arrives,,LM Games Studio,2,2,"50,000 .. 100,000",0,0,0,0,0,0,0,0
351450,Scribble Space,Coty Getzelman,,62,40,"50,000 .. 100,000",0,0,0,0,199,199,0,0
530550,Bubble Jungle  Super Chameleon Platformer World,,,15,2,"20,000 .. 50,000",0,0,0,0,0,0,0,0
253310,Fester Mudd: Curse of the Gold - Episode 1,,,94,26,"20,000 .. 50,000",0,0,0,0,999,999,0,0
307170,Borealis,Conrad Nelson,,295,208,"20,000 .. 50,000",0,0,0,0,499,499,0,0
248730,A Walk in the Dark,,,308,75,"20,000 .. 50,000",0,0,0,0,699,699,0,0
503210,Sentry Knight Tactics,"Tyler Myers, Justin Wolf",,103,34,"20,000 .. 50,000",0,0,0,0,499,499,0,0
16300,Everyday Shooter,Queasy Games,,110,6,"20,000 .. 50,000",0,0,0,0,999,999,0,0
16300,Everyday Shooter,Queasy Games,,110,6,"20,000 .. 50,000",0,0,0,0,999,999,0,0
390040,Small Radios Big Televisions,Fire Face Corporation,,265,106,"20,000 .. 50,000",0,0,0,0,1199,1199,0,0
4300,RoboBlitz,Naked Sky Entertainment,,67,21,"20,000 .. 50,000",0,0,0,0,999,999,0,0
222860,Left 4 Dead 2 Dedicated Server,,Square Enix,49,9,"20,000 .. 50,000",0,0,0,0,0,0,0,1
249950,Forge Quest,,Open Realms LLC,434,111,"20,000 .. 50,000",0,0,0,0,99,99,0,0
576960,,Nuclear Tales,,110,26,"20,000 .. 50,000",0,0,0,0,299,1499,80,2
498710,After Dreams,Matt Boyer,,151,53,"20,000 .. 50,000",0,0,0,0,0,0,0,0
1452080,Simply Parkour,,Harry Gill,4,5,"20,000 .. 50,000",0,0,0,0,0,0,0,0
1607400,Occupation 2.5,the3daction.com,,31,11,"20,000 .. 50,000",0,0,0,0,399,399,0,0
1639390,Thermonuclear,,Meridian4,8,0,"20,000 .. 50,000",0,0,0,0,99,499,80,0
749270,Magic Siege - Defender,,Plectrum Software,50,41,"20,000 .. 50,000",0,0,0,0,0,0,0,0
752700,Abscond,XiNFiNiTY Games,,33,20,"20,000 .. 50,000",0,0,0,0,99,99,0,0
536890,Glittermitten Grove,Mostly Tigerproof,,448,94,"20,000 .. 50,000",0,0,0,0,249,999,75,1
1595900,Knight Flight,,Games Foundation GmbH,2,0,"20,000 .. 50,000",0,0,0,0,199,199,0,0
2748530,Blood On The Streets,,,2,5,"20,000 .. 50,000",0,0,0,0,0,0,0,0
523070,Black Forest,Lemuria,,299,99,"20,000 .. 50,000",0,0,0,0,999,999,0,2
1209750,FlowState,"Timothy Ichiyasu, Joshua Rice",,108,23,"20,000 .. 50,000",0,0,0,0,0,0,0,2
992330,Nightmare (Incubo),inngamezstudio,,170,49,"20,000 .. 50,000",0,0,0,0,699,699,0,0
794860,eSail Sailing Simulator,eSail Ltd.,,692,44,"20,000 .. 50,000",0,0,0,0,3799,3799,0,14
1683900,Hunter Girls,,Meridian4,53,24,"20,000 .. 50,000",0,0,0,0,499,499,0,0
389810,Rubber and Lead,Omega Point Games,,50,51,"20,000 .. 50,000",0,0,0,0,99,99,0,0
1136070,UltraGoodness 2,Rasul Mono,,15,6,"20,000 .. 50,000",0,0,0,0,499,499,0,0
7260,Loki,Cyanide Studios,,143,80,"20,000 .. 50,000",0,0,0,0,999,999,0,1
279480,Abalone,,Games-Up,96,62,"20,000 .. 50,000",0,0,0,0,699,699,0,1
708580,Exorcism of the Legion (Last Rites) DELISTED,,"LegionVR, LLC, Fun Train",208,76,"20,000 .. 50,000",0,0,0,0,499,499,0,0
773620,Redemption: Tyranny of Daetorem,,Big Fish Games,4,0,"20,000 .. 50,000",0,0,0,0,0,0,0,0
1064030,King of the Cul-De-Sac,Matthew Vimislik,,54,4,"20,000 .. 50,000",0,0,0,0,0,0,0,0
1281400,Good Knight - One-Button Bullet-Hell,Good Knight Collective,,111,6,"20,000 .. 50,000",0,0,0,0,1499,1499,0,0
842520,Neon Void Runner,Falco Software,,8,10,"20,000 .. 50,000",0,0,0,0,199,199,0,0
1766270,Join Rush Attack / 加入突袭,Bad Kids Games,,16,5,"20,000 .. 50,000",0,0,0,0,499,499,0,1
408920,Krai Mira: post-apocalyptic Crimea,TallTech studio,,151,98,"20,000 .. 50,000",0,0,0,0,999,999,0,0
1565680,The Dark Prophecy,Start Warp,,32,9,"20,000 .. 50,000",0,0,0,0,999,999,0,0
842530,Police Patrol,Falco Software,,12,40,"20,000 .. 50,000",0,0,0,0,99,99,0,0
1888970,Really Another True,,Frontwing USA,4,1,"20,000 .. 50,000",0,0,0,0,0,0,0,0
90400,Blue Toad Murder Files: The Mysteries of Little Riddle,Relentless Software,,92,19,"20,000 .. 50,000",0,0,0,0,449,449,0,0
255260,Pro Cycling Manager 2014,Cyanide Studio,,182,95,"20,000 .. 50,000",0,0,0,0,999,999,0,1
810740,Turtle Lu,Falco Software,,7,10,"20,000 .. 50,000",0,0,0,0,299,299,0,0
340530,Soccer Legends,,ZackBellGames,6,12,"20,000 .. 50,000",0,0,0,0,0,0,0,0
2506900,Gobs and Gods,"Alexandre Gilotte, Thierry Gilotte",,67,4,"20,000 .. 50,000",0,0,0,0,719,1199,40,1
1578500,Starless,Petr Sapozhnikov,,46,3,"20,000 .. 50,000",0,0,0,0,799,799,0,0
1100510,Demo,,nightowls,98,41,"20,000 .. 50,000",0,0,0,0,0,0,0,0
1154830,Scathe,Damage State,,166,127,"20,000 .. 50,000",0,0,0,0,2499,2499,0,0
577760,Tears of a Dragon,,Back To Basics Gaming,36,5,"20,000 .. 50,000",0,0,0,0,199,199,0,0
854150,Snail Racer Extreme,,Displacement Studios,77,40,"20,000 .. 50,000",0,0,0,0,99,99,0,0
210350,Max Payne RU,,Rockstar Games,387,43,"20,000 .. 50,000",0,0,0,0,0,0,0,0
1825760,ENDURA,IFIO STUDIO,,3,1,"20,000 .. 50,000",0,0,0,0,499,499,0,0
245010,Deathtrap Dungeon,,Square Enix,93,97,"20,000 .. 50,000",0,0,0,0,97,699,86,0
16120,Plant Tycoon,Last Day of Work,,190,13,"20,000 .. 50,000",0,0,0,0,999,999,0,13
211205,Phantasy Star IV: The End of the Millennium,,SEGA,9,0,"20,000 .. 50,000",0,0,0,0,0,0,0,0
245010,Deathtrap Dungeon,,Square Enix,93,97,"20,000 .. 50,000",0,0,0,0,97,699,86,0
749670,Spinning Around,XiNFiNiTY Games,,42,8,"20,000 .. 50,000",0,0,0,0,99,99,0,0
911050,Holiday Escape,"Kit Gardner, Sam Robinson, Holly Gardner, Jason Runkel, Tommy Yoder, Josh Perusse",,29,10,"20,000 .. 50,000",0,0,0,0,0,0,0,0
247310,Gravi,Hashbang Games,,45,67,"20,000 .. 50,000",0,0,0,0,499,499,0,0
713100,StockUp,,,12,28,"20,000 .. 50,000",0,0,0,0,599,599,0,0
211207,The Revenge of Shinobi,,SEGA,5,2,"20,000 .. 50,000",0,0,0,0,0,0,0,0
2409490,Blue Man Adventure,Alan Lin,,1,0,"20,000 .. 50,000",0,0,0,0,99,99,0,0
398210,BlackShadows,IceGames Studios,,27,137,"20,000 .. 50,000",0,0,0,0,299,299,0,0
2027490,Paramnesia,,Meridian4,18,12,"20,000 .. 50,000",0,0,0,0,499,499,0,0
752710,Infinity Trip,XiNFiNiTY Games,,12,10,"20,000 .. 50,000",0,0,0,0,99,99,0,0
2658030,Clicker Arena,James Sun,,57,47,"20,000 .. 50,000",0,0,0,0,899,899,0,1
752710,Infinity Trip,XiNFiNiTY Games,,12,10,"20,000 .. 50,000",0,0,0,0,99,99,0,0
761110,Infinity Escape,XiNFiNiTY Games,,11,14,"20,000 .. 50,000",0,0,0,0,99,99,0,0
1115380,BallBoi,"Daniel Fuller, Cameron Beattie",,48,16,"20,000 .. 50,000",0,0,0,0,0,0,0,0
2006360,Pizza Death,"BronxTaco Games, Slicemouth Studios",,8,0,"20,000 .. 50,000",0,0,0,0,299,299,0,0
1995340,Zoo Chess,"Anderson Magalhães, João Murackami",,1,0,"20,000 .. 50,000",0,0,0,0,799,799,0,0
1608400,Vermillion - VR Painting,Thomas van den Berge,,610,23,"20,000 .. 50,000",0,0,0,0,1999,1999,0,3
109200,Legend of Fae,Endlessfluff Games,,90,30,"20,000 .. 50,000",0,0,0,0,999,999,0,0
663920,DoFi,,Type B Negative,24,15,"20,000 .. 50,000",0,0,0,0,0,0,0,0
907920,建筑大冒险 Architectural Adventure,,,0,1,"20,000 .. 50,000",0,0,0,0,99,99,0,0
364670,Skyflower,The Taco Heaven,,24,16,"20,000 .. 50,000",0,0,0,0,299,299,0,0
403390,Undercover Missions: Operation Kursk K-141,The Game Species,,23,31,"20,000 .. 50,000",0,0,0,0,99,999,90,0
918120,A.L.A.N.: Rift Breakers,,CasGames,5,1,"20,000 .. 50,000",0,0,0,0,0,0,0,0
37360,Mahjong Roadshow,PlayFirst,,8,5,"20,000 .. 50,000",0,0,0,0,699,699,0,1
3429210,Deep Space Bellhop,Parallas,,4,0,"20,000 .. 50,000",0,0,0,0,999,999,0,0
638850,Animallica,Animallica Games Studio,,635,268,"20,000 .. 50,000",0,0,0,0,499,499,0,0
1608400,Vermillion - VR Painting,Thomas van den Berge,,610,23,"20,000 .. 50,000",0,0,0,0,1999,1999,0,3
109200,Legend of Fae,Endlessfluff Games,,90,30,"20,000 .. 50,000",0,0,0,0,999,999,0,0
2816570,The Land of the Magnates,Permanent Way Game Co.,,32,8,"20,000 .. 50,000",0,0,0,0,1499,1499,0,0
496590,Crystal Cosmos,Sea Beast Productions,,29,10,"20,000 .. 50,000",0,0,0,0,499,499,0,0
17180,Mosby's Confederacy,"Tilted Mill Entertainment, Inc.",,25,14,"20,000 .. 50,000",0,0,0,0,999,999,0,0
1441830,The Wizard Game,Rory Lambert,,4,0,"20,000 .. 50,000",0,0,0,0,499,499,0,0
842620,Funny Yo,Falco Software,,1,9,"20,000 .. 50,000",0,0,0,0,199,199,0,0
17180,Mosby's Confederacy,"Tilted Mill Entertainment, Inc.",,25,14,"20,000 .. 50,000",0,0,0,0,999,999,0,0
496590,Crystal Cosmos,Sea Beast Productions,,29,10,"20,000 .. 50,000",0,0,0,0,499,499,0,0
1128690,Plunge,Spooky Buns,,127,15,"20,000 .. 50,000",0,0,0,0,499,499,0,0
211201,Dynamite Headdy,,SEGA,9,0,"20,000 .. 50,000",0,0,0,0,0,0,0,0
246360,Perfection.,Greg Lobanov,,26,40,"20,000 .. 50,000",0,0,0,0,299,299,0,0
331880,Truck Mechanic Simulator 2015,PlayWay SA,,113,106,"20,000 .. 50,000",0,0,0,0,99,999,90,0
211208,VectorMan 2,,SEGA,5,1,"20,000 .. 50,000",0,0,0,0,0,0,0,0
666290,Virus Z,Falco Software,,37,30,"20,000 .. 50,000",0,0,0,0,299,299,0,0
811290,Project Pastorate,,Meridian4,30,7,"20,000 .. 50,000",0,0,0,0,499,499,0,0
812860,Genius Calculator,XiNFiNiTY Games,,20,24,"20,000 .. 50,000",0,0,0,0,99,99,0,1
764490,Stickman Jetpack,Starodymov,,36,21,"20,000 .. 50,000",0,0,0,0,99,99,0,0
842590,Knight Fighter,Falco Software,,6,16,"0 .. 20,000",0,0,0,0,99,99,0,0
1305260,SteamDolls - Order Of Chaos,The Shady Gentlemen,,18,1,"0 .. 20,000",0,0,0,0,1299,1999,35,0
842590,Knight Fighter,Falco Software,,6,16,"0 .. 20,000",0,0,0,0,99,99,0,0
1647740,1f y0u're a gh0st ca11 me here! 幽铃热线,Furoshiki Lab.,,133,4,"0 .. 20,000",0,0,0,0,699,699,0,0
364450,Freshman Year,"Nina Freeman, Laura Knetzger, Stephen Lawrence Clark",,133,81,"0 .. 20,000",0,0,0,0,0,0,0,3
800320,Cubic Color,XiNFiNiTY Games,,10,15,"0 .. 20,000",0,0,0,0,99,99,0,0
942010,The 3rd Building 三教,F-Greetings,,100,76,"0 .. 20,000",0,0,0,0,1599,1599,0,0
1630590,Paint Drying Simulator,GLADY'S Comcis,,299,39,"0 .. 20,000",0,0,0,0,99,99,0,9
259490,Beast Boxing Turbo,,Bohemia Interactive,263,31,"0 .. 20,000",0,0,0,0,0,0,0,0
15160,Petz Horsez 2,Ubisoft,,157,52,"0 .. 20,000",0,0,0,0,999,999,0,1
15160,Petz Horsez 2,Ubisoft,,157,52,"0 .. 20,000",0,0,0,0,999,999,0,1
259490,Beast Boxing Turbo,,Bohemia Interactive,263,31,"0 .. 20,000",0,0,0,0,0,0,0,0
1630590,Paint Drying Simulator,GLADY'S Comcis,,299,39,"0 .. 20,000",0,0,0,0,99,99,0,9
1611460,Hide and Run,,VoidCompiler,174,75,"0 .. 20,000",0,0,0,0,0,0,0,0
731560,Boinks,,,42,2,"0 .. 20,000",0,0,0,0,99,99,0,0
1083300,Drill Deal – Oil Tycoon,,"Manager Games S.A., Red Dev Studio S.A.",104,16,"0 .. 20,000",0,0,0,0,1499,1499,0,1
657110,2 Planets Fire and Ice,,"familyplay, Markt+Technik",12,11,"0 .. 20,000",0,0,0,0,899,899,0,0
91810,Ancients of Ooga,Bacon Wrapped Games,,38,8,"0 .. 20,000",0,0,0,0,999,999,0,0
632830,Aztec Venture,,familyplay,11,5,"0 .. 20,000",0,0,0,0,899,899,0,1
637880,I wanna be The Cat,Nemega,,154,14,"0 .. 20,000",0,0,0,0,699,699,0,2
548240,Demon Pit,,Digerati,56,38,"0 .. 20,000",0,0,0,0,899,899,0,1
821910,Tower Defense Sudden Attack,Falco Software,,2,21,"0 .. 20,000",0,0,0,0,99,99,0,0
666870,Perfect Crime,"Skeleton, GuGong",,318,137,"0 .. 20,000",0,0,0,0,949,1899,50,3
412530,Atlantic Quest 2 - New Adventure -,,familyplay,21,4,"0 .. 20,000",0,0,0,0,899,899,0,2
600660,Kimmy,Star Maid Games,,60,9,"0 .. 20,000",0,0,0,0,999,999,0,0
211203,Phantasy Star II,,SEGA,2,1,"0 .. 20,000",0,0,0,0,0,0,0,0
1539150,Analytical World,,Tristan,3,1,"0 .. 20,000",0,0,0,0,0,0,0,0
